INSERT INTO jpa_assignment.ingredient (ingredient_id, ingredient_name)VALUES (1, 'Egg');
INSERT INTO jpa_assignment.ingredient (ingredient_id, ingredient_name)VALUES (2, 'Milk');
INSERT INTO jpa_assignment.ingredient (ingredient_id, ingredient_name)VALUES (3, 'Cheese');
INSERT INTO jpa_assignment.ingredient (ingredient_id, ingredient_name)VALUES (4, 'Chicken');
INSERT INTO jpa_assignment.ingredient (ingredient_id, ingredient_name)VALUES (5, 'Flour');
INSERT INTO jpa_assignment.ingredient (ingredient_id, ingredient_name)VALUES (6, 'Cheddar cheese');
INSERT INTO jpa_assignment.ingredient (ingredient_id, ingredient_name)VALUES (7, 'Pasta');
INSERT INTO jpa_assignment.ingredient (ingredient_id, ingredient_name)VALUES (8, 'Onion');
INSERT INTO jpa_assignment.ingredient (ingredient_id, ingredient_name)VALUES (9, 'Butter');
INSERT INTO jpa_assignment.ingredient (ingredient_id, ingredient_name)VALUES (10, 'Potato');
INSERT INTO jpa_assignment.ingredient (ingredient_id, ingredient_name)VALUES (11, 'Mustard');
INSERT INTO jpa_assignment.ingredient (ingredient_id, ingredient_name)VALUES (12, 'Mushroom');
INSERT INTO jpa_assignment.ingredient (ingredient_id, ingredient_name)VALUES (13, 'Sugar');
INSERT INTO jpa_assignment.ingredient (ingredient_id, ingredient_name)VALUES (14, 'Fish');
INSERT INTO jpa_assignment.ingredient (ingredient_id, ingredient_name)VALUES (15, 'Tomato');

INSERT INTO jpa_assignment.recipe_instruction (recipe_instruction_id, instructions)VALUES (101,'instruction for pasta');
INSERT INTO jpa_assignment.recipe_instruction (recipe_instruction_id, instructions)VALUES (102,'instruction for cake');
INSERT INTO jpa_assignment.recipe_instruction (recipe_instruction_id, instructions)VALUES (103,'instruction for baking chicken');
INSERT INTO jpa_assignment.recipe_instruction (recipe_instruction_id, instructions)VALUES (104,'instruction for waffle');
INSERT INTO jpa_assignment.recipe_instruction (recipe_instruction_id, instructions)VALUES (105,'instruction for Pancake');
INSERT INTO jpa_assignment.recipe_instruction (recipe_instruction_id, instructions)VALUES (106,'instruction for Salad');

INSERT INTO jpa_assignment.recipe (recipe_id, recipe_name, instruction_id)VALUES (201, 'Vanilla cake', 102);
INSERT INTO jpa_assignment.recipe (recipe_id, recipe_name, instruction_id)VALUES (202, 'Grill chicken', 103);
INSERT INTO jpa_assignment.recipe (recipe_id, recipe_name, instruction_id)VALUES (203, 'Alfredo pasta', 101);
INSERT INTO jpa_assignment.recipe (recipe_id, recipe_name, instruction_id)VALUES (204, 'Waffle', 104);
INSERT INTO jpa_assignment.recipe (recipe_id, recipe_name, instruction_id)VALUES (205, 'Mini Pancake', 105);
INSERT INTO jpa_assignment.recipe (recipe_id, recipe_name, instruction_id)VALUES (206, 'Mushroom salad', 106);

INSERT INTO jpa_assignment.recipe_category (recipe_category_id, category)VALUES (301, 'SeaFood');
INSERT INTO jpa_assignment.recipe_category (recipe_category_id, category)VALUES (302, 'Breakfast');
INSERT INTO jpa_assignment.recipe_category (recipe_category_id, category)VALUES (303, 'Vegetarian');
INSERT INTO jpa_assignment.recipe_category (recipe_category_id, category)VALUES (304, 'Appetisers');
INSERT INTO jpa_assignment.recipe_category (recipe_category_id, category)VALUES (305, 'Desserts');
INSERT INTO jpa_assignment.recipe_category (recipe_category_id, category)VALUES (306, 'Asian Food');
INSERT INTO jpa_assignment.recipe_category (recipe_category_id, category)VALUES (307, 'Holiday');
INSERT INTO jpa_assignment.recipe_category (recipe_category_id, category)VALUES (308, 'Desserts');

INSERT INTO jpa_assignment.recipe_ingredient (recipe_ingredient_id, amount, measurement, ingredient_ingredient_id, recipe_id)VALUES (401, 70, 'G', 1, 201);
INSERT INTO jpa_assignment.recipe_ingredient (recipe_ingredient_id, amount, measurement, ingredient_ingredient_id, recipe_id)VALUES (402, 400, 'G', 5, 201);
INSERT INTO jpa_assignment.recipe_ingredient (recipe_ingredient_id, amount, measurement, ingredient_ingredient_id, recipe_id)VALUES (403, 200, 'G', 13, 201);
INSERT INTO jpa_assignment.recipe_ingredient (recipe_ingredient_id, amount, measurement, ingredient_ingredient_id, recipe_id)VALUES (404, 2, 'TBSP', 9, 201);
INSERT INTO jpa_assignment.recipe_ingredient (recipe_ingredient_id, amount, measurement, ingredient_ingredient_id, recipe_id)VALUES (405, 100, 'ML', 2, 201);
INSERT INTO jpa_assignment.recipe_ingredient (recipe_ingredient_id, amount, measurement, ingredient_ingredient_id, recipe_id)VALUES (406, 50, 'G', 9, 202);
INSERT INTO jpa_assignment.recipe_ingredient (recipe_ingredient_id, amount, measurement, ingredient_ingredient_id, recipe_id)VALUES (407, 1, 'KG', 4, 202);
INSERT INTO jpa_assignment.recipe_ingredient (recipe_ingredient_id, amount, measurement, ingredient_ingredient_id, recipe_id)VALUES (408, 100, 'G', 8, 202);
INSERT INTO jpa_assignment.recipe_ingredient (recipe_ingredient_id, amount, measurement, ingredient_ingredient_id, recipe_id)VALUES (409, 500, 'G', 7, 203);
INSERT INTO jpa_assignment.recipe_ingredient (recipe_ingredient_id, amount, measurement, ingredient_ingredient_id, recipe_id)VALUES (410, 2, 'TBSP', 9, 203);
INSERT INTO jpa_assignment.recipe_ingredient (recipe_ingredient_id, amount, measurement, ingredient_ingredient_id, recipe_id)VALUES (411, 5, 'TBSP', 6, 203);
INSERT INTO jpa_assignment.recipe_ingredient (recipe_ingredient_id, amount, measurement, ingredient_ingredient_id, recipe_id)VALUES (412, 100, 'ML', 2, 203);
INSERT INTO jpa_assignment.recipe_ingredient (recipe_ingredient_id, amount, measurement, ingredient_ingredient_id, recipe_id)VALUES (413, 150, 'G', 1, 204);
INSERT INTO jpa_assignment.recipe_ingredient (recipe_ingredient_id, amount, measurement, ingredient_ingredient_id, recipe_id)VALUES (414, 150, 'ML', 2, 204);
INSERT INTO jpa_assignment.recipe_ingredient (recipe_ingredient_id, amount, measurement, ingredient_ingredient_id, recipe_id)VALUES (415, 100, 'G', 13, 204);
INSERT INTO jpa_assignment.recipe_ingredient (recipe_ingredient_id, amount, measurement, ingredient_ingredient_id, recipe_id)VALUES (416, 200, 'G', 5, 204);
INSERT INTO jpa_assignment.recipe_ingredient (recipe_ingredient_id, amount, measurement, ingredient_ingredient_id, recipe_id)VALUES (417, 300, 'G', 5, 205);
INSERT INTO jpa_assignment.recipe_ingredient (recipe_ingredient_id, amount, measurement, ingredient_ingredient_id, recipe_id)VALUES (418, 250, 'ML', 2, 205);
INSERT INTO jpa_assignment.recipe_ingredient (recipe_ingredient_id, amount, measurement, ingredient_ingredient_id, recipe_id)VALUES (419, 150, 'G', 13, 205);
INSERT INTO jpa_assignment.recipe_ingredient (recipe_ingredient_id, amount, measurement, ingredient_ingredient_id, recipe_id)VALUES (420, 70, 'G', 1, 205);
INSERT INTO jpa_assignment.recipe_ingredient (recipe_ingredient_id, amount, measurement, ingredient_ingredient_id, recipe_id)VALUES (421, 3, 'TBSP', 9, 205);
INSERT INTO jpa_assignment.recipe_ingredient (recipe_ingredient_id, amount, measurement, ingredient_ingredient_id, recipe_id)VALUES (422, 100, 'G', 3, 206);
INSERT INTO jpa_assignment.recipe_ingredient (recipe_ingredient_id, amount, measurement, ingredient_ingredient_id, recipe_id)VALUES (423, 1, 'KG', 10, 206);
INSERT INTO jpa_assignment.recipe_ingredient (recipe_ingredient_id, amount, measurement, ingredient_ingredient_id, recipe_id)VALUES (424, 500, 'G', 12, 206);
INSERT INTO jpa_assignment.recipe_ingredient (recipe_ingredient_id, amount, measurement, ingredient_ingredient_id, recipe_id)VALUES (425, 300, 'G', 15, 206);
INSERT INTO jpa_assignment.recipe_ingredient (recipe_ingredient_id, amount, measurement, ingredient_ingredient_id, recipe_id)VALUES (426, 2, 'TSP', 11, 206);